timeStamp,elapsed,label,responseCode,responseMessage,threadName,dataType,success,failureMessage,bytes,sentBytes,grpThreads,allThreads,URL,Latency,IdleTime,Connect
1691828835503,17,HTTP Request,200,,Thread Group 1-1,text,true,,230,150,1,1,http://127.0.0.1:8080/msg/hello,15,0,11
1691828835523,1,HTTP Request,200,,Thread Group 1-1,text,true,,230,150,1,1,http://127.0.0.1:8080/msg/hello,1,0,0
1691828835525,0,HTTP Request,200,,Thread Group 1-1,text,true,,230,150,1,1,http://127.0.0.1:8080/msg/hello,0,0,0
1691828835526,0,HTTP Request,200,,Thread Group 1-1,text,true,,230,150,1,1,http://127.0.0.1:8080/msg/hello,0,0,0
1691828835527,0,HTTP Request,200,,Thread Group 1-1,text,true,,230,150,1,1,http://127.0.0.1:8080/msg/hello,0,0,0
1691828835527,1,HTTP Request,200,,Thread Group 1-1,text,true,,230,150,1,1,http://127.0.0.1:8080/msg/hello,1,0,0
1691828835528,1,HTTP Request,200,,Thread Group 1-1,text,true,,230,150,1,1,http://127.0.0.1:8080/msg/hello,0,0,0
1691828835529,0,HTTP Request,200,,Thread Group 1-1,text,true,,230,150,1,1,http://127.0.0.1:8080/msg/hello,0,0,0
1691828835530,0,HTTP Request,200,,Thread Group 1-1,text,true,,230,150,1,1,http://127.0.0.1:8080/msg/hello,0,0,0
1691828835530,1,HTTP Request,200,,Thread Group 1-1,text,true,,230,150,1,1,http://127.0.0.1:8080/msg/hello,1,0,0
1691828835558,1,HTTP Request,200,,Thread Group 1-2,text,true,,230,150,1,1,http://127.0.0.1:8080/msg/hello,1,0,0
1691828835559,1,HTTP Request,200,,Thread Group 1-2,text,true,,230,150,1,1,http://127.0.0.1:8080/msg/hello,1,0,0
1691828835560,1,HTTP Request,200,,Thread Group 1-2,text,true,,230,150,1,1,http://127.0.0.1:8080/msg/hello,1,0,0
1691828835561,1,HTTP Request,200,,Thread Group 1-2,text,true,,230,150,1,1,http://127.0.0.1:8080/msg/hello,1,0,0
1691828835562,1,HTTP Request,200,,Thread Group 1-2,text,true,,230,150,1,1,http://127.0.0.1:8080/msg/hello,1,0,0
1691828835563,1,HTTP Request,200,,Thread Group 1-2,text,true,,230,150,1,1,http://127.0.0.1:8080/msg/hello,1,0,0
1691828835564,1,HTTP Request,200,,Thread Group 1-2,text,true,,230,150,1,1,http://127.0.0.1:8080/msg/hello,0,0,0
1691828835565,0,HTTP Request,200,,Thread Group 1-2,text,true,,230,150,1,1,http://127.0.0.1:8080/msg/hello,0,0,0
1691828835566,0,HTTP Request,200,,Thread Group 1-2,text,true,,230,150,1,1,http://127.0.0.1:8080/msg/hello,0,0,0
1691828835566,1,HTTP Request,200,,Thread Group 1-2,text,true,,230,150,1,1,http://127.0.0.1:8080/msg/hello,1,0,0
1691828835658,2,HTTP Request,200,,Thread Group 1-3,text,true,,230,150,1,1,http://127.0.0.1:8080/msg/hello,2,0,1
1691828835661,1,HTTP Request,200,,Thread Group 1-3,text,true,,230,150,1,1,http://127.0.0.1:8080/msg/hello,1,0,0
1691828835663,1,HTTP Request,200,,Thread Group 1-3,text,true,,230,150,1,1,http://127.0.0.1:8080/msg/hello,1,0,0
1691828835665,1,HTTP Request,200,,Thread Group 1-3,text,true,,230,150,1,1,http://127.0.0.1:8080/msg/hello,1,0,0
1691828835666,1,HTTP Request,200,,Thread Group 1-3,text,true,,230,150,1,1,http://127.0.0.1:8080/msg/hello,1,0,0
1691828835668,4,HTTP Request,200,,Thread Group 1-3,text,true,,230,150,1,1,http://127.0.0.1:8080/msg/hello,4,0,0
1691828835673,1,HTTP Request,200,,Thread Group 1-3,text,true,,230,150,1,1,http://127.0.0.1:8080/msg/hello,1,0,0
1691828835675,1,HTTP Request,200,,Thread Group 1-3,text,true,,230,150,1,1,http://127.0.0.1:8080/msg/hello,1,0,0
1691828835677,1,HTTP Request,200,,Thread Group 1-3,text,true,,230,150,1,1,http://127.0.0.1:8080/msg/hello,1,0,0
1691828835678,2,HTTP Request,200,,Thread Group 1-3,text,true,,230,150,1,1,http://127.0.0.1:8080/msg/hello,1,0,0
1691828835757,2,HTTP Request,200,,Thread Group 1-4,text,true,,230,150,1,1,http://127.0.0.1:8080/msg/hello,2,0,0
1691828835759,2,HTTP Request,200,,Thread Group 1-4,text,true,,230,150,1,1,http://127.0.0.1:8080/msg/hello,2,0,0
1691828835761,1,HTTP Request,200,,Thread Group 1-4,text,true,,230,150,1,1,http://127.0.0.1:8080/msg/hello,1,0,0
1691828835763,1,HTTP Request,200,,Thread Group 1-4,text,true,,230,150,1,1,http://127.0.0.1:8080/msg/hello,1,0,0
1691828835764,1,HTTP Request,200,,Thread Group 1-4,text,true,,230,150,1,1,http://127.0.0.1:8080/msg/hello,1,0,0
1691828835766,1,HTTP Request,200,,Thread Group 1-4,text,true,,230,150,1,1,http://127.0.0.1:8080/msg/hello,1,0,0
1691828835768,1,HTTP Request,200,,Thread Group 1-4,text,true,,230,150,1,1,http://127.0.0.1:8080/msg/hello,1,0,0
1691828835770,1,HTTP Request,200,,Thread Group 1-4,text,true,,230,150,1,1,http://127.0.0.1:8080/msg/hello,0,0,0
1691828835771,1,HTTP Request,200,,Thread Group 1-4,text,true,,230,150,1,1,http://127.0.0.1:8080/msg/hello,1,0,0
1691828835772,1,HTTP Request,200,,Thread Group 1-4,text,true,,230,150,1,1,http://127.0.0.1:8080/msg/hello,1,0,0
1691828835858,1,HTTP Request,200,,Thread Group 1-5,text,true,,230,150,1,1,http://127.0.0.1:8080/msg/hello,1,0,0
1691828835859,1,HTTP Request,200,,Thread Group 1-5,text,true,,230,150,1,1,http://127.0.0.1:8080/msg/hello,1,0,0
1691828835860,1,HTTP Request,200,,Thread Group 1-5,text,true,,230,150,1,1,http://127.0.0.1:8080/msg/hello,1,0,0
1691828835862,1,HTTP Request,200,,Thread Group 1-5,text,true,,230,150,1,1,http://127.0.0.1:8080/msg/hello,1,0,0
1691828835863,1,HTTP Request,200,,Thread Group 1-5,text,true,,230,150,1,1,http://127.0.0.1:8080/msg/hello,1,0,0
1691828835865,1,HTTP Request,200,,Thread Group 1-5,text,true,,230,150,1,1,http://127.0.0.1:8080/msg/hello,1,0,0
1691828835866,1,HTTP Request,200,,Thread Group 1-5,text,true,,230,150,1,1,http://127.0.0.1:8080/msg/hello,1,0,0
1691828835868,1,HTTP Request,200,,Thread Group 1-5,text,true,,230,150,1,1,http://127.0.0.1:8080/msg/hello,1,0,0
1691828835869,1,HTTP Request,200,,Thread Group 1-5,text,true,,230,150,1,1,http://127.0.0.1:8080/msg/hello,1,0,0
1691828835870,1,HTTP Request,200,,Thread Group 1-5,text,true,,230,150,1,1,http://127.0.0.1:8080/msg/hello,1,0,0
1691828835956,1,HTTP Request,200,,Thread Group 1-6,text,true,,230,150,1,1,http://127.0.0.1:8080/msg/hello,1,0,0
1691828835958,2,HTTP Request,200,,Thread Group 1-6,text,true,,230,150,1,1,http://127.0.0.1:8080/msg/hello,2,0,0
1691828835960,1,HTTP Request,200,,Thread Group 1-6,text,true,,230,150,1,1,http://127.0.0.1:8080/msg/hello,1,0,0
1691828835961,1,HTTP Request,200,,Thread Group 1-6,text,true,,230,150,1,1,http://127.0.0.1:8080/msg/hello,1,0,0
1691828835962,2,HTTP Request,200,,Thread Group 1-6,text,true,,230,150,1,1,http://127.0.0.1:8080/msg/hello,2,0,0
1691828835964,2,HTTP Request,200,,Thread Group 1-6,text,true,,230,150,1,1,http://127.0.0.1:8080/msg/hello,1,0,0
1691828835966,1,HTTP Request,200,,Thread Group 1-6,text,true,,230,150,1,1,http://127.0.0.1:8080/msg/hello,1,0,0
1691828835968,1,HTTP Request,200,,Thread Group 1-6,text,true,,230,150,1,1,http://127.0.0.1:8080/msg/hello,1,0,0
1691828835970,1,HTTP Request,200,,Thread Group 1-6,text,true,,230,150,1,1,http://127.0.0.1:8080/msg/hello,1,0,0
1691828835971,1,HTTP Request,200,,Thread Group 1-6,text,true,,230,150,1,1,http://127.0.0.1:8080/msg/hello,1,0,0
1691828836056,2,HTTP Request,200,,Thread Group 1-7,text,true,,230,150,1,1,http://127.0.0.1:8080/msg/hello,2,0,1
1691828836058,1,HTTP Request,200,,Thread Group 1-7,text,true,,230,150,1,1,http://127.0.0.1:8080/msg/hello,1,0,0
1691828836059,1,HTTP Request,200,,Thread Group 1-7,text,true,,230,150,1,1,http://127.0.0.1:8080/msg/hello,1,0,0
1691828836060,3,HTTP Request,200,,Thread Group 1-7,text,true,,230,150,1,1,http://127.0.0.1:8080/msg/hello,3,0,0
1691828836064,1,HTTP Request,200,,Thread Group 1-7,text,true,,230,150,1,1,http://127.0.0.1:8080/msg/hello,1,0,0
1691828836065,1,HTTP Request,200,,Thread Group 1-7,text,true,,230,150,1,1,http://127.0.0.1:8080/msg/hello,1,0,0
1691828836067,0,HTTP Request,200,,Thread Group 1-7,text,true,,230,150,1,1,http://127.0.0.1:8080/msg/hello,0,0,0
1691828836068,0,HTTP Request,200,,Thread Group 1-7,text,true,,230,150,1,1,http://127.0.0.1:8080/msg/hello,0,0,0
1691828836069,0,HTTP Request,200,,Thread Group 1-7,text,true,,230,150,1,1,http://127.0.0.1:8080/msg/hello,0,0,0
1691828836070,1,HTTP Request,200,,Thread Group 1-7,text,true,,230,150,1,1,http://127.0.0.1:8080/msg/hello,1,0,0
1691828836156,2,HTTP Request,200,,Thread Group 1-8,text,true,,230,150,1,1,http://127.0.0.1:8080/msg/hello,2,0,1
1691828836158,1,HTTP Request,200,,Thread Group 1-8,text,true,,230,150,1,1,http://127.0.0.1:8080/msg/hello,0,0,0
1691828836159,0,HTTP Request,200,,Thread Group 1-8,text,true,,230,150,1,1,http://127.0.0.1:8080/msg/hello,0,0,0
1691828836160,0,HTTP Request,200,,Thread Group 1-8,text,true,,230,150,1,1,http://127.0.0.1:8080/msg/hello,0,0,0
1691828836160,1,HTTP Request,200,,Thread Group 1-8,text,true,,230,150,1,1,http://127.0.0.1:8080/msg/hello,1,0,0
1691828836161,1,HTTP Request,200,,Thread Group 1-8,text,true,,230,150,1,1,http://127.0.0.1:8080/msg/hello,1,0,0
1691828836162,1,HTTP Request,200,,Thread Group 1-8,text,true,,230,150,1,1,http://127.0.0.1:8080/msg/hello,0,0,0
1691828836163,0,HTTP Request,200,,Thread Group 1-8,text,true,,230,150,1,1,http://127.0.0.1:8080/msg/hello,0,0,0
1691828836163,1,HTTP Request,200,,Thread Group 1-8,text,true,,230,150,1,1,http://127.0.0.1:8080/msg/hello,1,0,0
1691828836164,1,HTTP Request,200,,Thread Group 1-8,text,true,,230,150,1,1,http://127.0.0.1:8080/msg/hello,1,0,0
1691828836257,2,HTTP Request,200,,Thread Group 1-9,text,true,,230,150,1,1,http://127.0.0.1:8080/msg/hello,2,0,1
1691828836259,1,HTTP Request,200,,Thread Group 1-9,text,true,,230,150,1,1,http://127.0.0.1:8080/msg/hello,1,0,0
1691828836260,1,HTTP Request,200,,Thread Group 1-9,text,true,,230,150,1,1,http://127.0.0.1:8080/msg/hello,1,0,0
1691828836261,1,HTTP Request,200,,Thread Group 1-9,text,true,,230,150,1,1,http://127.0.0.1:8080/msg/hello,1,0,0
1691828836262,1,HTTP Request,200,,Thread Group 1-9,text,true,,230,150,1,1,http://127.0.0.1:8080/msg/hello,1,0,0
1691828836263,1,HTTP Request,200,,Thread Group 1-9,text,true,,230,150,1,1,http://127.0.0.1:8080/msg/hello,1,0,0
1691828836264,0,HTTP Request,200,,Thread Group 1-9,text,true,,230,150,1,1,http://127.0.0.1:8080/msg/hello,0,0,0
1691828836264,1,HTTP Request,200,,Thread Group 1-9,text,true,,230,150,1,1,http://127.0.0.1:8080/msg/hello,1,0,0
1691828836265,1,HTTP Request,200,,Thread Group 1-9,text,true,,230,150,1,1,http://127.0.0.1:8080/msg/hello,1,0,0
1691828836266,0,HTTP Request,200,,Thread Group 1-9,text,true,,230,150,1,1,http://127.0.0.1:8080/msg/hello,0,0,0
1691828836356,2,HTTP Request,200,,Thread Group 1-10,text,true,,230,150,1,1,http://127.0.0.1:8080/msg/hello,2,0,1
1691828836358,1,HTTP Request,200,,Thread Group 1-10,text,true,,230,150,1,1,http://127.0.0.1:8080/msg/hello,1,0,0
1691828836359,0,HTTP Request,200,,Thread Group 1-10,text,true,,230,150,1,1,http://127.0.0.1:8080/msg/hello,0,0,0
1691828836360,0,HTTP Request,200,,Thread Group 1-10,text,true,,230,150,1,1,http://127.0.0.1:8080/msg/hello,0,0,0
1691828836360,1,HTTP Request,200,,Thread Group 1-10,text,true,,230,150,1,1,http://127.0.0.1:8080/msg/hello,1,0,0
1691828836361,1,HTTP Request,200,,Thread Group 1-10,text,true,,230,150,1,1,http://127.0.0.1:8080/msg/hello,1,0,0
1691828836362,1,HTTP Request,200,,Thread Group 1-10,text,true,,230,150,1,1,http://127.0.0.1:8080/msg/hello,1,0,0
1691828836364,1,HTTP Request,200,,Thread Group 1-10,text,true,,230,150,1,1,http://127.0.0.1:8080/msg/hello,1,0,0
1691828836366,1,HTTP Request,200,,Thread Group 1-10,text,true,,230,150,1,1,http://127.0.0.1:8080/msg/hello,1,0,0
1691828836368,1,HTTP Request,200,,Thread Group 1-10,text,true,,230,150,1,1,http://127.0.0.1:8080/msg/hello,1,0,0
